AssemblyName,RelativePath,TotalLines
Flowthru.Cli,ArgumentParser.cs,309
Flowthru.Cli,FlowthruCli.cs,138
Flowthru.Core.CodeFixes,Ft1001AddPartialKeywordFix.cs,84
Flowthru.Core.CodeFixes,Ft1002RemoveConflictingInterfaceFix.cs,127
Flowthru.Core.CodeFixes,Ft1101AddFlowthruStepAttributeFix.cs,189
Flowthru.Core.SourceGenerators,Algebra/ClosedSumExhaustivenessAnalyzer.cs,203
Flowthru.Core.SourceGenerators,Catalog/CatalogPropertyGenerator.cs,217
Flowthru.Core.SourceGenerators,Flow/FlowBuilderGenerator.cs,698
Flowthru.Core.SourceGenerators,IsExternalInit.cs,7
Flowthru.Core.SourceGenerators,Schema/Column/ColumnGeneratorDiagnostics.cs,38
Flowthru.Core.SourceGenerators,Schema/Column/ColumnNewTypeGenerator.cs,211
Flowthru.Core.SourceGenerators,Schema/FlowthruSchemaAnalyzer.cs,159
Flowthru.Core.SourceGenerators,Schema/SchemaCollectionShapeAnalyzer.cs,157
Flowthru.Core.SourceGenerators,Schema/SchemaGeneratorDiagnostics.cs,100
Flowthru.Core.SourceGenerators,Schema/SchemaInterfaceGenerator.cs,299
Flowthru.Core.SourceGenerators,Schema/SchemaPropertyClassifier.cs,188
Flowthru.Core.SourceGenerators,Step/FlowthruStepAttributeAnalyzer.cs,187
Flowthru.Core.SourceGenerators,Step/ReadOnlyItemOutputAnalyzer.cs,218
Flowthru.Core.SourceGenerators,Step/StepMetadataGenerator.cs,320
Flowthru.Core.SourceGenerators,Step/ExtensionCapabilityMarshallerAlignmentAnalyzer.cs,142
Flowthru.Core.SourceGenerators,Step/ExtensionMinimumContainerSupportAnalyzer.cs,150
Flowthru.Core.SourceGenerators,Step/StepDiagnostics.cs,111
Flowthru.Core.SourceGenerators,Validation/FailAsValueThrowAnalyzer.cs,243
Flowthru.Core.SourceGenerators,Storage/StorageDiagnostics.cs,42
Flowthru.Core.SourceGenerators,Storage/StreamingTraitHonestyAnalyzer.cs,202
Flowthru.Core,Caching/CacheManifest.cs,84
Flowthru.Core,Caching/CachePlan.cs,73
Flowthru.Core,Caching/NodeFingerprint.cs,20
Flowthru.Core,Caching/CacheManifestStore.cs,277
Flowthru.Core,Caching/CachePlanBuilder.cs,307
Flowthru.Core,Caching/StepUncacheableReason.cs,100
Flowthru.Core,Data/Catalog/BinaryExtensions.cs,60
Flowthru.Core,Data/Catalog/CatalogAbstract.cs,150
Flowthru.Core,Data/Catalog/DirectoryOfBuilder.cs,104
Flowthru.Core,Data/Catalog/IFileItemBuilder.cs,54
Flowthru.Core,Data/Catalog/ItemAnchor.cs,63
Flowthru.Core,Data/Catalog/ItemFactory.cs,185
Flowthru.Core,Data/Catalog/JsonExtensions.cs,183
Flowthru.Core,Data/Catalog/JsonItemAttribute.cs,47
Flowthru.Core,Data/Catalog/MemoryExtensions.cs,34
Flowthru.Core,Data/Catalog/NodeTraits.cs,17
Flowthru.Core,Data/Catalog/TextExtensions.cs,62
Flowthru.Core,Data/Catalog/INode.cs,51
Flowthru.Core,Data/Catalog/FlowSinkItem.cs,47
Flowthru.Core,Data/Catalog/Item.Introspection.cs,152
Flowthru.Core,Data/Catalog/BulkTransferSourceItem.cs,93
Flowthru.Core,Data/Catalog/BulkTransferTargetItem.cs,111
Flowthru.Core,Data/Catalog/CatalogItemExtensions.cs,206
Flowthru.Core,Data/Catalog/IItem.cs,194
Flowthru.Core,Data/Catalog/Item.cs,93
Flowthru.Core,Data/Catalog/StreamingItem.cs,59
Flowthru.Core,Data/Configuration/ConfigurationBuilder.cs,100
Flowthru.Core,Data/Configuration/ConfigurationItem.cs,218
Flowthru.Core,Data/Schema/FlowthruColumnAttribute.cs,41
Flowthru.Core,Data/Schema/FlowthruSchemaAttribute.cs,30
Flowthru.Core,Data/Schema/IBinarySerializable.cs,15
Flowthru.Core,Data/Schema/IFlatSchema.cs,24
Flowthru.Core,Data/Schema/INestedSchema.cs,23
Flowthru.Core,Data/Schema/IScalar.cs,34
Flowthru.Core,Data/Schema/IStructuredSerializable.cs,18
Flowthru.Core,Data/Schema/ISupportsIScalar.cs,30
Flowthru.Core,Data/Schema/ISupportsNested.cs,20
Flowthru.Core,Data/Schema/ITextSerializable.cs,15
Flowthru.Core,Data/Schema/Mapping/EnumBindingInfo.cs,35
Flowthru.Core,Data/Schema/Mapping/IScalarBindingInfo.cs,20
Flowthru.Core,Data/Schema/Mapping/OptOutOfPropertyPlannerAttribute.cs,40
Flowthru.Core,Data/Schema/Mapping/PropertyBinding.cs,78
Flowthru.Core,Data/Schema/Mapping/PropertyKind.cs,43
Flowthru.Core,Data/Schema/Mapping/PropertyMappingPlan.cs,58
Flowthru.Core,Data/Schema/Mapping/PropertyMappingPlanner.cs,191
Flowthru.Core,Data/Schema/Mapping/PropertyMappingPlannerOptions.cs,17
Flowthru.Core,Data/Schema/Mapping/SerializedEnumMappings.cs,95
Flowthru.Core,Data/Schema/SerializedEnumAttribute.cs,33
Flowthru.Core,Data/Schema/SerializedLabelAttribute.cs,30
Flowthru.Core,Data/Storage/BinaryFileStorageAdapter.cs,119
Flowthru.Core,Data/Storage/DirectoryOf.cs,62
Flowthru.Core,Data/Storage/DirectoryStorageAdapter.cs,284
Flowthru.Core,Data/Storage/EnumerableContainerAdapter.cs,46
Flowthru.Core,Data/Storage/FileStorageMediumProvider.cs,17
Flowthru.Core,Data/Storage/IContainerAdapter.cs,27
Flowthru.Core,Data/Storage/IFormatBase.cs,35
Flowthru.Core,Data/Storage/IFormatRowWriter.cs,22
Flowthru.Core,Data/Storage/IFormatSerializer.cs,17
Flowthru.Core,Data/Storage/IHasEfficientCount.cs,28
Flowthru.Core,Data/Storage/IHasStorageKind.cs,34
Flowthru.Core,Data/Storage/IStorageAdapter.cs,102
Flowthru.Core,Data/Storage/IStorageMediumProvider.cs,44
Flowthru.Core,Data/Storage/IStorageMediumResolver.cs,38
Flowthru.Core,Data/Storage/ISupportsFingerprint.cs,56
Flowthru.Core,Data/Storage/InspectionLevel.cs,30
Flowthru.Core,Data/Storage/LocalFileWriteProbe.cs,111
Flowthru.Core,Data/Storage/MemoryStorageAdapter.cs,87
Flowthru.Core,Data/Storage/SchemaActivator.cs,98
Flowthru.Core,Data/Storage/SchemaMismatchException.cs,22
Flowthru.Core,Data/Storage/SerializedEnumJsonConverter.cs,158
Flowthru.Core,Data/Storage/SingletonJsonAdapter.cs,493
Flowthru.Core,Data/Storage/StorageMediumResolver.cs,139
Flowthru.Core,Data/Storage/TextFileStorageAdapter.cs,130
Flowthru.Core,Data/Storage/ValidationError.cs,73
Flowthru.Core,Data/Storage/ValidationResult.cs,86
Flowthru.Core,Data/Storage/ConstrainedStorageAdapter.cs,158
Flowthru.Core,Data/Storage/IHasServiceDependencies.cs,33
Flowthru.Core,Data/Storage/IStorageMedium.cs,65
Flowthru.Core,Data/Storage/StorageTraits.cs,68
Flowthru.Core,Data/Storage/IFormatRowReader.cs,25
Flowthru.Core,Data/Storage/IFormatStreamReader.cs,21
Flowthru.Core,Data/Storage/ISupportsStreamingView.cs,34
Flowthru.Core,Data/Storage/JsonFormatSerializer.cs,306
Flowthru.Core,Data/Storage/SeekableSpill.cs,85
Flowthru.Core,Data/Storage/BulkImportChannel.cs,42
Flowthru.Core,Data/Storage/ByteLocation.cs,68
Flowthru.Core,Data/Storage/ComposedStorageAdapter.cs,349
Flowthru.Core,Data/Storage/FileStorageMedium.cs,176
Flowthru.Core,Data/Storage/ISupportsBulkExport.cs,60
Flowthru.Core,Data/Storage/ISupportsBulkImport.cs,60
Flowthru.Core,Data/Storage/ISupportsByteLocation.cs,51
Flowthru.Core,Data/Storage/ISupportsStreamingSink.cs,29
Flowthru.Core,Diagnostics/ConsoleErrorFormatter.cs,75
Flowthru.Core,Diagnostics/DagBuilder.cs,89
Flowthru.Core,Diagnostics/FlowthruActivitySource.cs,89
Flowthru.Core,Diagnostics/FlowthruMetadataBuilder.cs,61
Flowthru.Core,Diagnostics/IMetadataProvider.cs,62
Flowthru.Core,Diagnostics/RuntimeErrorClassifier.cs,82
Flowthru.Core,Diagnostics/RuntimeErrorReport.cs,17
Flowthru.Core,Diagnostics/FlowMetadataContext.cs,141
Flowthru.Core,Diagnostics/FlowthruDiagnosticCodes.cs,88
Flowthru.Core,Diagnostics/PreFlightErrorClassifier.cs,88
Flowthru.Core,Flow/BuiltFlow.cs,104
Flowthru.Core,Flow/DependencyAnalyzer.cs,173
Flowthru.Core,Flow/DryRunOption.cs,18
Flowthru.Core,Flow/ExecutionDefaults.cs,41
Flowthru.Core,Flow/ExecutionOptions.cs,66
Flowthru.Core,Flow/FlowBuilder.AddStep.Variadic.cs,267
Flowthru.Core,Flow/FlowBuilder.cs,132
Flowthru.Core,Flow/FlowResult.cs,45
Flowthru.Core,Flow/FlowSliceStrategy.cs,372
Flowthru.Core,Flow/FlowSlicing.cs,216
Flowthru.Core,Flow/IFlowScheduler.cs,42
Flowthru.Core,Flow/StepResult.cs,65
Flowthru.Core,Flow/ParallelFlowScheduler.cs,327
Flowthru.Core,Flow/FlowBuilderStreamingExtensions.cs,47
Flowthru.Core,Flow/BulkTransferBytePump.cs,135
Flowthru.Core,Flow/BulkTransferNegotiation.cs,243
Flowthru.Core,Flow/BulkTransferOptions.cs,23
Flowthru.Core,Flow/FlowBuilderBulkTransferExtensions.cs,69
Flowthru.Core,Flow/ValidationDepth.cs,64
Flowthru.Core,Hosting/FlowthruBuilderExtensions.cs,72
Flowthru.Core,Hosting/FlowthruServiceBuilder.cs,382
Flowthru.Core,Hosting/IFlowRegistration.cs,18
Flowthru.Core,Hosting/IFlowthruBuilder.cs,200
Flowthru.Core,Hosting/IFlowthruService.cs,82
Flowthru.Core,Hosting/ServiceCollectionExtensions.cs,108
Flowthru.Core,Hosting/FlowthruService.cs,954
Flowthru.Core,Prelude/EffResult.cs,40
Flowthru.Core,Prelude/FlowResource.cs,123
Flowthru.Core,Prelude/FlowUnit.cs,58
Flowthru.Core,Prelude/IFlowResource.cs,26
Flowthru.Core,Prelude/IFlowResourceProvider.cs,23
Flowthru.Core,Prelude/Validated.cs,172
Flowthru.Core,Prelude/FlowIO.cs,241
Flowthru.Core,Prelude/FlowSource.cs,422
Flowthru.Core,Prelude/IFlowSink.cs,36
Flowthru.Core,Step/ExtensionStatus.cs,30
Flowthru.Core,Step/FlowthruStepAttribute.cs,69
Flowthru.Core,Step/IStepExtension.cs,26
Flowthru.Core,Step/Marshalling/IContainerMarshaller.cs,54
Flowthru.Core,Step/StepExtensionCapabilitiesAttribute.cs,67
Flowthru.Core,Step/StepTraits.cs,28
Flowthru.Core,Step/Step.cs,97
Flowthru.Core,Step/StepMetadataRegistry.cs,118
Flowthru.Core,Step/StepMetadataResolver.cs,79
Flowthru.Core,Step/StepContainerKind.cs,70
Flowthru.Core,Step/IStepNode.cs,211
Flowthru.Core,Validation/PreFlight/IRegistrationValidationHook.cs,72
Flowthru.Core,Validation/PreFlight/IFlowValidationHook.cs,68
Flowthru.Core,Validation/PreFlight/PreFlightError.cs,199
Flowthru.Core,Validation/PreFlight/PreFlightPipeline.cs,426
Flowthru.Core,Validation/PreFlight/PreFlightScope.cs,29
Flowthru.Core,Validation/Runtime/IFlowServiceInspector.cs,43
Flowthru.Core,Validation/Runtime/InspectionResult.cs,75
Flowthru.Core,Validation/Runtime/RuntimeError.cs,208
Flowthru.Core,Validation/Runtime/ConflictKeys.cs,40
Flowthru.Core,Validation/Runtime/ICapacityConstrainable.cs,26
Flowthru.Core,Validation/Runtime/IServiceDependencyDispatcher.cs,35
Flowthru.Core,Validation/Runtime/IServiceProfileContributor.cs,26
Flowthru.Core,Validation/Runtime/IServiceProfileProvider.cs,77
Flowthru.Core,Validation/Runtime/ServiceDependency.cs,132
Flowthru.Core,Validation/Runtime/ServiceProfile.cs,74
Flowthru.Core,Validation/Runtime/ServiceUsage.cs,162
Flowthru.FUnit.CodeFixes,Fu001ScaffoldTestsClassFix.cs,147
Flowthru.FUnit.CodeFixes,Fu002WrapWithFUnitEnabledFix.cs,78
Flowthru.FUnit.CodeFixes,Fu100AddStubRegistrationFix.cs,252
Flowthru.FUnit.SourceGenerators,FUnitDiagnosticAnalyzer.cs,440
Flowthru.FUnit.SourceGenerators,FUnitSyntaxHelpers.cs,57
Flowthru.FUnit.SourceGenerators,IsExternalInit.cs,7
Flowthru.FUnit.SourceGenerators,StepTestRegistryGenerator.cs,282
Flowthru.FUnit,FUnitStepTestAttribute.cs,30
Flowthru.FUnit,FUnitStubContainerAttribute.cs,49
Flowthru.FUnit,FlowSourceTesting.cs,175
Flowthru.FUnit,SampleBuilder.cs,100
Flowthru.FUnit,FUnitContext.cs,276
Flowthru.Extensions.AWS.S3,Data/Storage/S3/Local/LocalFileS3Gateway.cs,244
Flowthru.Extensions.AWS.S3,Data/Storage/S3/S3Options.cs,67
Flowthru.Extensions.AWS.S3,Data/Storage/S3/S3StorageMediumProvider.cs,48
Flowthru.Extensions.AWS.S3,Data/Storage/S3/AmazonS3Gateway.cs,234
Flowthru.Extensions.AWS.S3,Data/Storage/S3/IS3Gateway.cs,82
Flowthru.Extensions.AWS.S3,Data/Storage/S3/S3StorageMedium.cs,175
Flowthru.Extensions.AWS.S3,Hosting/S3FlowthruBuilderExtensions.cs,141
Flowthru.Extensions.AWS.S3,Validation/Runtime/S3/S3ReadDependency.cs,49
Flowthru.Extensions.AWS.S3,Validation/Runtime/S3/S3ReadProfileContributor.cs,25
Flowthru.Extensions.Csv,Data/Catalog/CsvExtensions.cs,110
Flowthru.Extensions.Csv,Data/Catalog/CsvItemFactoryExtensions.cs,111
Flowthru.Extensions.Csv,Data/Storage/Csv/Internal/IScalarCsvConverter.cs,60
Flowthru.Extensions.Csv,Data/Storage/Csv/Internal/SerializedEnumCsvConverter.cs,85
Flowthru.Extensions.Csv,Data/Storage/Csv/Internal/SerializedLabelClassMap.cs,146
Flowthru.Extensions.Csv,Data/Storage/Csv/CsvFormatSerializer.cs,186
Flowthru.Extensions.EFCore.Bulk,BulkSave.cs,121
Flowthru.Extensions.EFCore.Bulk,BulkSaveOptions.cs,59
Flowthru.Extensions.EFCore.Bulk,Internal/BulkConfigMapper.cs,33
Flowthru.Extensions.EFCore.Bulk,BulkSink.cs,66
Flowthru.Extensions.EFCore.Bulk,EFCoreBulkSink.cs,160
Flowthru.Extensions.EFCore,Data/Catalog/EFCoreExtensions.cs,343
Flowthru.Extensions.EFCore,Data/Catalog/EFCoreItemFactoryExtensions.cs,257
Flowthru.Extensions.EFCore,Data/Storage/EFCore/DbQuery.cs,147
Flowthru.Extensions.EFCore,Data/Storage/EFCore/DbScope.cs,66
Flowthru.Extensions.EFCore,Data/Storage/EFCore/EFCoreLifecycleExtensions.cs,204
Flowthru.Extensions.EFCore,Data/Storage/EFCore/EphemeralDatabaseOptions.cs,27
Flowthru.Extensions.EFCore,Data/Storage/EFCore/EphemeralSchemaOptions.cs,35
Flowthru.Extensions.EFCore,Data/Storage/EFCore/Internal/EFCoreShapeValidator.cs,328
Flowthru.Extensions.EFCore,Data/Storage/EFCore/Internal/EFCoreConflictProfile.cs,75
Flowthru.Extensions.EFCore,Data/Storage/EFCore/EFCoreFingerprintingStorageAdapter.cs,126
Flowthru.Extensions.EFCore,Data/Storage/EFCore/EFCoreQueryStorageAdapter.cs,452
Flowthru.Extensions.EFCore,Data/Storage/EFCore/EFCoreSingleStorageAdapter.cs,355
Flowthru.Extensions.EFCore,Data/Storage/EFCore/EFCoreStorageAdapter.cs,486
Flowthru.Extensions.EFCore,Hosting/EFCoreFlowthruBuilderExtensions.cs,324
Flowthru.Extensions.EFCore,Validation/Runtime/EFCore/EFCoreDatabaseDependency.cs,46
Flowthru.Extensions.EFCore,Validation/Runtime/EFCore/EFCoreDatabaseProfileContributor.cs,28
Flowthru.Extensions.Excel,Data/Catalog/ExcelExtensions.cs,113
Flowthru.Extensions.Excel,Data/Catalog/ExcelItemFactoryExtensions.cs,96
Flowthru.Extensions.Excel,Data/Storage/Excel/ExcelFormatSerializer.cs,253
Flowthru.Extensions.GQL,Data/Catalog/GqlExtensions.cs,293
Flowthru.Extensions.GQL,Data/Catalog/GqlItemFactoryExtensions.cs,266
Flowthru.Extensions.GQL,Data/Catalog/GqlThrottleExtensions.cs,61
Flowthru.Extensions.GQL,Data/Storage/Gql/GqlEnumerableStorageAdapter.cs,414
Flowthru.Extensions.GQL,Data/Storage/Gql/GqlQuery.cs,300
Flowthru.Extensions.GQL,Data/Storage/Gql/GqlQueryStorageAdapter.cs,179
Flowthru.Extensions.GQL,Data/Storage/Gql/GqlSingleStorageAdapter.cs,209
Flowthru.Extensions.GQL,Data/Storage/Gql/Internal/GqlQueryExecutor.cs,350
Flowthru.Extensions.GQL,Data/Storage/Gql/Pagination.cs,94
Flowthru.Extensions.GQL,Data/Storage/Gql/ThrottledGqlAdapter.cs,56
Flowthru.Extensions.GQL,Hosting/GqlFlowthruBuilderExtensions.cs,41
Flowthru.Extensions.GQL,Validation/Runtime/Gql/GqlEndpointDependency.cs,39
Flowthru.Extensions.GQL,Validation/Runtime/Gql/GqlEndpointProfileContributor.cs,23
Flowthru.Extensions.Google.Sheets,Data/Catalog/GoogleSheetsItemFactoryExtensions.cs,77
Flowthru.Extensions.Google.Sheets,Data/Storage/Sheets/ColumnType.cs,33
Flowthru.Extensions.Google.Sheets,Data/Storage/Sheets/FieldValue.cs,163
Flowthru.Extensions.Google.Sheets,Data/Storage/Sheets/ISheetsGateway.cs,72
Flowthru.Extensions.Google.Sheets,Data/Storage/Sheets/Internal/FieldValueDecoder.cs,132
Flowthru.Extensions.Google.Sheets,Data/Storage/Sheets/Internal/FieldValueEncoder.cs,134
Flowthru.Extensions.Google.Sheets,Data/Storage/Sheets/Internal/SheetsSchemaBuilder.cs,89
Flowthru.Extensions.Google.Sheets,Data/Storage/Sheets/Internal/SheetsTranslator.cs,366
Flowthru.Extensions.Google.Sheets,Data/Storage/Sheets/Local/JsonFileSheetsGateway.cs,134
Flowthru.Extensions.Google.Sheets,Data/Storage/Sheets/Local/LocalSheetsStore.cs,357
Flowthru.Extensions.Google.Sheets,Data/Storage/Sheets/ResolvedTable.cs,36
Flowthru.Extensions.Google.Sheets,Data/Storage/Sheets/RetryingSheetsGateway.cs,155
Flowthru.Extensions.Google.Sheets,Data/Storage/Sheets/SheetsRateLimitException.cs,57
Flowthru.Extensions.Google.Sheets,Data/Storage/Sheets/SheetsRetryExhaustedException.cs,40
Flowthru.Extensions.Google.Sheets,Data/Storage/Sheets/SheetsRetryOptions.cs,44
Flowthru.Extensions.Google.Sheets,Data/Storage/Sheets/SheetsServiceGateway.cs,308
Flowthru.Extensions.Google.Sheets,Data/Storage/Sheets/SheetsSpreadsheetAccessException.cs,71
Flowthru.Extensions.Google.Sheets,Data/Storage/Sheets/SheetsWriteCeilingException.cs,75
Flowthru.Extensions.Google.Sheets,Data/Storage/Sheets/TableData.cs,36
Flowthru.Extensions.Google.Sheets,Data/Storage/Sheets/TableSchema.cs,36
Flowthru.Extensions.Google.Sheets,Data/Storage/Sheets/GoogleSheetsStorageAdapter.cs,494
Flowthru.Extensions.Google.Sheets,Hosting/GoogleSheetsFlowthruBuilderExtensions.cs,191
Flowthru.Extensions.Google.Sheets,Validation/Runtime/Sheets/SheetsSpreadsheetDependency.cs,44
Flowthru.Extensions.Google.Sheets,Validation/Runtime/Sheets/SheetsSpreadsheetProfileContributor.cs,26
Flowthru.Extensions.Http,Data/Storage/Http/HttpCacheOptions.cs,36
Flowthru.Extensions.Http,Data/Storage/Http/CachedHttpStorageMedium.cs,296
Flowthru.Extensions.Http,Data/Storage/Http/HttpOptions.cs,53
Flowthru.Extensions.Http,Data/Storage/Http/HttpStorageMedium.cs,140
Flowthru.Extensions.Http,Data/Storage/Http/HttpStorageMediumProvider.cs,60
Flowthru.Extensions.Http,Data/Storage/Http/Internal/HttpEndpointConflict.cs,24
Flowthru.Extensions.Http,Hosting/HttpFlowthruBuilderExtensions.cs,89
Flowthru.Extensions.Http,Validation/Runtime/Http/HttpEndpointDependency.cs,38
Flowthru.Extensions.Http,Validation/Runtime/Http/HttpEndpointProfileContributor.cs,22
Flowthru.Extensions.Metadata.Diagnostics,Diagnostics/DiagnosticsMetadataExtensions.cs,109
Flowthru.Extensions.Metadata.Diagnostics,Diagnostics/Run/DiagnosticsOptions.cs,97
Flowthru.Extensions.Metadata.Diagnostics,Diagnostics/Run/OutputExistenceProvider.cs,94
Flowthru.Extensions.Metadata.Diagnostics,Diagnostics/Run/RowCountProvider.cs,102
Flowthru.Extensions.Metadata.Diagnostics,Diagnostics/Run/RunSummaryProvider.cs,62
Flowthru.Extensions.Metadata.Diagnostics,Diagnostics/Run/StepTimingProvider.cs,72
Flowthru.Extensions.Metadata.Json,Diagnostics/Json/Internal/FilenameTemplateParser.cs,71
Flowthru.Extensions.Metadata.Json,Diagnostics/Json/Internal/TimestampConfiguration.cs,58
Flowthru.Extensions.Metadata.Json,Diagnostics/Json/Internal/FlowMetadataProjection.cs,533
Flowthru.Extensions.Metadata.Json,Diagnostics/Json/JsonMetadataProvider.cs,155
Flowthru.Extensions.Metadata.Json,Diagnostics/Json/JsonMetadataProviderBuilder.cs,93
Flowthru.Extensions.Metadata.Json,Diagnostics/JsonMetadataBuilderExtensions.cs,48
Flowthru.Extensions.Metadata.Mermaid,Diagnostics/Mermaid/Internal/FilenameTemplateParser.cs,49
Flowthru.Extensions.Metadata.Mermaid,Diagnostics/Mermaid/Internal/TimestampConfiguration.cs,52
Flowthru.Extensions.Metadata.Mermaid,Diagnostics/Mermaid/Internal/MermaidDiagramRenderer.cs,1001
Flowthru.Extensions.Metadata.Mermaid,Diagnostics/Mermaid/MermaidFlowchartDirection.cs,19
Flowthru.Extensions.Metadata.Mermaid,Diagnostics/Mermaid/MermaidMetadataProvider.cs,189
Flowthru.Extensions.Metadata.Mermaid,Diagnostics/Mermaid/MermaidMetadataProviderBuilder.cs,152
Flowthru.Extensions.Metadata.Mermaid,Diagnostics/Mermaid/PerFlowMode.cs,31
Flowthru.Extensions.Metadata.Mermaid,Diagnostics/Mermaid/PerFlowOptions.cs,71
Flowthru.Extensions.Metadata.Mermaid,Diagnostics/MermaidMetadataBuilderExtensions.cs,43
Flowthru.Extensions.Parquet,Data/Catalog/ParquetExtensions.cs,97
Flowthru.Extensions.Parquet,Data/Catalog/ParquetItemFactoryExtensions.cs,83
Flowthru.Extensions.Parquet,Data/Storage/Parquet/Internal/ParquetAdapter.cs,556
Flowthru.Extensions.Parquet,Data/Storage/Parquet/ParquetItemOptions.cs,126
Flowthru.Extensions.Parquet,Data/Storage/Parquet/ParquetFormatSerializer.cs,159
Flowthru.Extensions.Python.SourceGenerators,IsExternalInit.cs,15
Flowthru.Extensions.Python.SourceGenerators,PythonRequirementsAnalyzer.cs,358
Flowthru.Extensions.Python.SourceGenerators,UvLockParser.cs,118
Flowthru.Extensions.Python.SourceGenerators,PythonStepFactoryGenerator.cs,1045
Flowthru.Extensions.Python.SourceGenerators,PythonStepGenerator.cs,314
Flowthru.Extensions.Python,Hosting/PythonFlowthruBuilderExtensions.cs,138
Flowthru.Extensions.Python,Step/Python/AccelerateLauncher.cs,197
Flowthru.Extensions.Python,Step/Python/ArrowDecimalAttribute.cs,38
Flowthru.Extensions.Python,Step/Python/DirectPythonLauncher.cs,54
Flowthru.Extensions.Python,Step/Python/IPythonCapability.cs,49
Flowthru.Extensions.Python,Step/Python/IPythonLauncher.cs,108
Flowthru.Extensions.Python,Step/Python/Internal/ArrowMarshaller.cs,575
Flowthru.Extensions.Python,Step/Python/Internal/ArrowMarshallingRegistry.cs,447
Flowthru.Extensions.Python,Step/Python/Internal/ArrowMarshallingRule.cs,57
Flowthru.Extensions.Python,Step/Python/Internal/ArrowSchemaMapper.cs,262
Flowthru.Extensions.Python,Step/Python/Internal/BasePythonExtensionCapability.cs,64
Flowthru.Extensions.Python,Step/Python/Internal/IInstalledPackageProbe.cs,23
Flowthru.Extensions.Python,Step/Python/Internal/IPythonConfigurationFlattener.cs,44
Flowthru.Extensions.Python,Step/Python/Internal/InstalledPackageProbe.cs,108
Flowthru.Extensions.Python,Step/Python/Internal/PythonConfigurationFlattener.cs,87
Flowthru.Extensions.Python,Step/Python/Internal/PythonEnvironmentResolver.cs,175
Flowthru.Extensions.Python,Step/Python/Internal/PythonMarshallableTypeNames.cs,29
Flowthru.Extensions.Python,Step/Python/Internal/PythonRequirementsAlgebra.cs,130
Flowthru.Extensions.Python,Step/Python/Internal/PythonServiceInspectorRegistry.cs,51
Flowthru.Extensions.Python,Step/Python/Internal/PythonVersion.cs,199
Flowthru.Extensions.Python,Step/Python/Internal/PythonVersionConstraint.cs,217
Flowthru.Extensions.Python,Step/Python/Internal/StderrLineClassifier.cs,115
Flowthru.Extensions.Python,Step/Python/Internal/PythonServiceDependencyDispatcher.cs,77
Flowthru.Extensions.Python,Step/Python/Internal/SubprocessPythonExecutor.cs,1118
Flowthru.Extensions.Python,Step/Python/PythonCodeVersion.cs,143
Flowthru.Extensions.Python,Step/Python/PythonPackageRequirement.cs,37
Flowthru.Extensions.Python,Step/Python/PythonPackageRequirementAttribute.cs,102
Flowthru.Extensions.Python,Step/Python/PythonRuntimeOptions.cs,156
Flowthru.Extensions.Python,Step/Python/PythonServiceBuilder.cs,100
Flowthru.Extensions.Python,Step/Python/PythonStepCacheRegistry.cs,131
Flowthru.Extensions.Python,Step/Python/TorchrunLauncher.cs,263
Flowthru.Extensions.Python,Step/Python/IPythonExecutor.cs,112
Flowthru.Extensions.Python,Step/Python/IPythonServiceInspectorRegistry.cs,49
Flowthru.Extensions.Python,Step/Python/PythonServiceRegistration.cs,55
Flowthru.Extensions.Python,Step/Python/PythonStep.cs,164
Flowthru.Extensions.Python,Step/Python/PythonStepFactory.cs,132
Flowthru.Extensions.Python,Step/Python/PythonStepMetadata.cs,32
Flowthru.Extensions.Python,Step/Python/PythonStepExtension.cs,49
Flowthru.Extensions.Python,Validation/PreFlight/Python/PythonPreFlightError.cs,202
Flowthru.Extensions.Python,Validation/PreFlight/Python/PythonRequirementsValidationHook.cs,161
Flowthru.Extensions.Python,Validation/PreFlight/Python/PythonStepValidationHook.cs,288
Flowthru.Extensions.Python,Validation/Runtime/Python/PythonRuntimeError.cs,122
Flowthru.Extensions.Python,Validation/Runtime/Python/PythonExecutorProfileContributor.cs,56
Flowthru.Extensions.Python,Validation/Runtime/Python/PythonServiceDependency.cs,63
Flowthru.Extensions.Python,build/PythonSchemaExportTask.cs,361
Flowthru.Extensions.Xml,Data/Catalog/XmlExtensions.cs,99
Flowthru.Extensions.Xml,Data/Catalog/XmlItemFactoryExtensions.cs,73
Flowthru.Extensions.Xml,Data/Storage/Xml/SingletonXmlAdapter.cs,190
Flowthru.Extensions.DuckDB,Flow/DuckDbFlowValidationExtensions.cs,63
Flowthru.Extensions.DuckDB,Flow/DuckDbStepFactory.cs,127
Flowthru.Extensions.DuckDB,Hosting/DuckDbFlowthruBuilderExtensions.cs,106
Flowthru.Extensions.DuckDB,Step/DuckDb/DuckDbEngineOptions.cs,82
Flowthru.Extensions.DuckDB,Step/DuckDb/DuckDbInputRelation.cs,113
Flowthru.Extensions.DuckDB,Step/DuckDb/DuckDbTransformOptions.cs,40
Flowthru.Extensions.DuckDB,Step/DuckDb/DuckDbTransformRequest.cs,92
Flowthru.Extensions.DuckDB,Step/DuckDb/DuckDbTransformStep.cs,374
Flowthru.Extensions.DuckDB,Step/DuckDb/IDuckDbEngine.cs,62
Flowthru.Extensions.DuckDB,Step/DuckDb/Internal/DuckDbDeclaredSchema.cs,94
Flowthru.Extensions.DuckDB,Step/DuckDb/Internal/DuckDbS3SecretSql.cs,234
Flowthru.Extensions.DuckDB,Step/DuckDb/Internal/DuckDbSchemaVerifier.cs,71
Flowthru.Extensions.DuckDB,Step/DuckDb/Internal/DuckDbSql.cs,23
Flowthru.Extensions.DuckDB,Step/DuckDb/Internal/DuckDbSqlSchemaCheck.cs,162
Flowthru.Extensions.DuckDB,Step/DuckDb/Internal/DuckDbTypeMap.cs,101
Flowthru.Extensions.DuckDB,Step/DuckDb/Internal/IDuckDbTransformDescriptor.cs,36
Flowthru.Extensions.DuckDB,Step/DuckDb/Internal/InProcessDuckDbEngine.cs,476
Flowthru.Extensions.DuckDB,Validation/PreFlight/DuckDb/DuckDbPreFlightError.cs,128
Flowthru.Extensions.DuckDB,Validation/PreFlight/DuckDb/DuckDbTransformValidationHook.cs,82
Flowthru.Extensions.DuckDB,Validation/Runtime/DuckDb/DuckDbEngineProfileContributor.cs,59
Flowthru.Extensions.DuckDB,Validation/Runtime/DuckDb/DuckDbRuntimeError.cs,100
Flowthru.Extensions.EFCore.Npgsql,Data/Catalog/NpgsqlTableExtensions.cs,150
Flowthru.Extensions.EFCore.Npgsql,Data/Storage/EFCore/Npgsql/Internal/NpgsqlCopyTarget.cs,89
Flowthru.Extensions.EFCore.Npgsql,Data/Storage/EFCore/Npgsql/Internal/NpgsqlRawCopyExportStream.cs,108
Flowthru.Extensions.EFCore.Npgsql,Data/Storage/EFCore/Npgsql/Internal/NpgsqlRawCopyImportChannel.cs,164
Flowthru.Extensions.EFCore.Npgsql,Data/Storage/EFCore/Npgsql/Internal/NpgsqlStreamingSink.cs,122
Flowthru.Extensions.EFCore.Npgsql,Data/Storage/EFCore/Npgsql/NpgsqlBulkImportMode.cs,36
Flowthru.Extensions.EFCore.Npgsql,Data/Storage/EFCore/Npgsql/NpgsqlCopyStorageAdapter.cs,305
Flowthru.Misc.DataFrames.SourceGenerators,DataFrameDiagnostics.cs,115
Flowthru.Misc.DataFrames.SourceGenerators,TypedFrameExpressionAnalyzer.cs,387
Flowthru.Misc.DataFrames.SourceGenerators,TypedFrameInvocationHelper.cs,80
Flowthru.Misc.DataFrames,FrameExpressionVisitor.cs,233
Flowthru.Misc.DataFrames,FrameWindowSpec.cs,112
Flowthru.Misc.DataFrames,GroupedFrame.cs,125
Flowthru.Misc.DataFrames,IFrameQueryProvider.cs,36
Flowthru.Misc.DataFrames,IFrameTranslatorPlugin.cs,46
Flowthru.Misc.DataFrames,TypedFrame.cs,80
Flowthru.Misc.DataFrames,TypedFrameExtensions.cs,317
Flowthru.Misc.DataFrames,WindowContext.cs,116
